77,51,78,52,79,84,90,110,73,67,65,103,73,67,65,75,49,54,102,88,108,78,101,90,49,53,122,88,113,105,68,88,112,57,101,103,49,53,80,88,108,67,65,48,73,67,65,103,73,67,65,75,49,53,80,88,109,100,101,111,49,53,81,115,73,78,101,90,49,54,84,88,108,83,68,88,107,121,99,115,73,78,101,83,49,53,72,88,111,116,101,113,73,78,101,85,49,54,114,88,110,116,101,111,49,53,110,88,110,83,119,103,49,54,114,88,110,67,68,88,107,78,101,82,49,53,110,88,107,83,68,88,109,100,101,107,49,53,85,103,73,67,65,103,73,65,111,122,73,67,65,103,73,67,65,75,78,106,103,103,73,67,65,103,73,65,111,48,76,68,65,119,77,67,68,105,103,113,111,103,73,67,65,103,73,65,111,121,79,83,56,120,77,83,56,121,77,68,69,53
78,50,56,52,98,87,49,111,73,67,65,103,73,67,65,75,49,54,98,88,107,100,101,90,49,53,81,103,49,53,122,88,108,100,101,82,49,53,106,88,112,57,101,90,49,53,56,103,77,106,77,103,73,67,65,103,73,65,114,88,107,57,101,90,49,54,106,88,108,67,119,103,49,53,118,88,112,78,101,90,49,54,103,115,73,78,101,103,49,53,88,88,108,67,68,88,109,57,101,107,49,53,110,88,113,67,119,103,49,54,114,88,110,67,68,88,107,78,101,82,49,53,110,88,107,83,68,88,109,100,101,107,49,53,85,103,73,67,65,103,73,65,111,121,73,67,65,103,73,67,65,75,78,68,85,103,73,67,65,103,73,65,111,122,76,68,99,119,77,67,68,105,103,113,111,103,73,67,65,103,73,65,111,121,79,83,56,120,77,83,56,121,77,68,69,53
97,50,89,119,77,51,99,48,73,67,65,103,73,67,65,75,49,53,68,88,111,100,101,81,73,78,101,110,49,53,80,88,110,116,101,86,49,54,68,88,109,83,65,49,79,83,65,103,73,67,65,103,67,116,101,84,49,53,110,88,113,78,101,85,76,67,68,88,111,78,101,86,49,53,81,103,49,53,72,88,113,78,101,82,49,53,88,88,113,67,119,103,49,53,118,88,112,78,101,111,73,78,101,112,49,53,122,88,110,83,68,88,110,116,101,105,49,54,106,88,107,83,119,103,49,54,114,88,110,67,68,88,107,78,101,82,49,53,110,88,107,83,68,88,109,100,101,107,49,53,85,103,73,67,65,103,73,65,111,121,73,67,65,103,73,67,65,75,78,84,65,103,73,67,65,103,73,65,111,122,76,68,85,119,77,67,68,105,103,113,111,103,73,67,65,103,73,65,111,121,79,83,56,120,77,83,56,121,77,68,69,53
101,84,100,121,90,110,78,114,73,67,65,103,73,67,65,75,49,53,84,88,107,116,101,90,49,53,102,88,108,100,101,102,73,68,69,119,73,67,65,103,73,67,65,75,49,53,80,88,109,100,101,111,49,53,81,115,73,78,101,101,49,53,118,88,110,78,101,99,49,54,111,103,49,54,114,88,110,67,68,88,107,78,101,82,49,53,110,88,107,83,68,88,109,100,101,107,49,53,85,115,73,78,101,84,49,54,102,88,113,67,119,103,49,54,114,88,110,67,68,88,107,78,101,82,49,53,110,88,107,83,68,88,109,100,101,107,49,53,85,103,73,67,65,103,73,65,111,121,73,67,65,103,73,67,65,75,78,84,65,103,73,67,65,103,73,65,111,122,76,68,85,119,77,67,68,105,103,113,111,103,73,67,65,103,73,65,111,121,79,83,56,120,77,83,56,121,77,68,69,53
97,87,115,49,90,84,104,107,73,67,65,103,73,67,65,75,49,53,80,88,108,100,101,103,49,53,88,88,110,78,101,86,73,78,101,85,49,54,106,88,108,100,101,107,49,53,65,103,73,67,65,103,73,65,114,88,107,57,101,90,49,54,106,88,108,67,119,103,49,54,76,88,107,105,102,88,110,116,101,90,76,67,68,88,107,116,101,82,49,54,76,88,113,105,68,88,108,78,101,105,49,53,122,88,109,100,101,85,76,67,68,88,113,116,101,99,73,78,101,81,49,53,72,88,109,100,101,82,73,78,101,90,49,54,84,88,108,83,65,103,73,67,65,103,67,106,73,103,73,67,65,103,73,65,111,122,79,83,65,103,73,67,65,103,67,106,73,115,79,84,65,119,73,79,75,67,113,105,65,103,73,67,65,103,67,106,73,53,76,122,69,120,76,122,73,119,77,84,107,61
97,50,52,48,101,106,100,105,73,67,65,103,73,67,65,75,49,54,68,88,108,57,101,99,73,78,101,85,49,53,72,88,113,100,101,86,49,54,103,103,73,67,65,103,73,65,114,88,107,57,101,90,49,54,106,88,108,67,119,103,49,53,55,88,109,57,101,99,49,53,122,88,113,105,68,88,113,116,101,99,73,78,101,81,49,53,72,88,109,100,101,82,73,78,101,90,49,54,84,88,108,83,119,103,49,53,80,88,112,57,101,111,76,67,68,88,113,116,101,99,73,78,101,81,49,53,72,88,109,100,101,82,73,78,101,90,49,54,84,88,108,83,65,103,73,67,65,103,67,106,77,103,73,67,65,103,73,65,111,50,78,83,65,103,73,67,65,103,67,106,77,115,78,84,65,119,73,79,75,67,113,105,65,103,73,67,65,103,67,106,73,53,76,122,69,120,76,122,73,119,77,84,107,61
79,68,86,114,100,87,81,120,73,67,65,103,73,67,65,75,49,54,110,88,108,100,101,103,49,54,98,88,109,100,101,103,49,53,85,103,73,67,65,103,73,65,114,88,107,57,101,90,49,54,106,88,108,67,119,103,49,53,55,88,108,100,101,103,49,53,106,88,109,100,101,107,49,53,110,88,108,100,101,111,49,53,107,115,73,78,101,85,49,54,106,88,109,57,101,82,49,54,111,115,73,78,101,113,49,53,119,103,49,53,68,88,107,100,101,90,49,53,69,103,49,53,110,88,112,78,101,86,73,67,65,103,73,67,65,75,77,105,65,103,73,67,65,103,67,106,81,49,73,67,65,103,73,67,65,75,78,67,119,119,77,68,65,103,52,111,75,113,73,67,65,103,73,67,65,75,77,106,107,118,77,84,69,118,77,106,65,120,79,81,61,61
79,71,90,110,77,84,90,51,73,67,65,103,73,67,65,75,49,54,76,88,107,100,101,111,49,53,107,103,77,83,65,103,73,67,65,103,67,116,101,84,49,53,110,88,113,78,101,85,76,67,68,88,108,78,101,113,49,54,102,88,108,100,101,85,76,67,68,88,107,100,101,90,49,54,111,103,49,53,110,88,111,116,101,110,49,53,69,115,73,78,101,103,49,53,88,88,108,67,68,88,112,116,101,85,73,116,101,99,76,67,68,88,113,116,101,99,73,78,101,81,49,53,72,88,109,100,101,82,73,78,101,90,49,54,84,88,108,83,65,103,73,67,65,103,67,106,77,103,73,67,65,103,73,65,111,49,77,67,65,103,73,67,65,103,67,106,77,115,78,84,65,119,73,79,75,67,113,105,65,103,73,67,65,103,67,106,73,53,76,122,69,120,76,122,73,119,77,84,107,61
89,50,49,119,77,87,82,106,73,67,65,103,73,67,65,75,49,53,84,88,113,78,101,109,49,53,119,103,73,67,65,103,73,65,114,88,107,116,101,83,76,57,101,107,49,54,68,88,109,78,101,85,49,53,68,88,108,100,101,87,76,67,68,88,112,78,101,99,49,53,88,88,113,78,101,103,49,53,106,88,109,100,101,102,76,67,68,88,113,116,101,99,73,78,101,81,49,53,72,88,109,100,101,82,73,78,101,90,49,54,84,88,108,83,65,103,73,67,65,103,67,106,73,103,73,67,65,103,73,65,111,121,78,83,65,103,73,67,65,103,67,106,77,115,79,68,65,119,73,79,75,67,113,105,65,103,73,67,65,103,67,106,73,53,76,122,69,120,76,122,73,119,77,84,107,61
78,110,81,51,90,109,78,114,73,67,65,103,73,67,65,75,49,53,102,88,111,78,101,86,49,53,111,103,73,67,65,103,73,65,114,88,107,57,101,90,49,54,106,88,108,67,119,103,49,53,84,88,113,116,101,110,49,53,88,88,108,67,119,103,49,53,72,88,109,100,101,113,73,78,101,90,49,54,76,88,112,57,101,82,76,67,68,88,111,78,101,86,49,53,81,103,49,54,98,88,108,67,76,88,110,67,119,103,49,54,114,88,110,67,68,88,107,78,101,82,49,53,110,88,107,83,68,88,109,100,101,107,49,53,85,103,73,67,65,103,73,65,111,121,73,67,65,103,73,67,65,75,78,68,65,103,73,67,65,103,73,65,111,122,76,68,89,119,77,67,68,105,103,113,111,103,73,67,65,103,73,65,111,121,79,83,56,120,77,83,56,121,77,68,69,53
77,50,100,104,100,50,49,113,73,67,65,103,73,67,65,75,49,54,114,88,110,67,68,88,107,116,101,90,49,53,72,88,108,100,101,111,49,53,110,88,110,83,65,103,73,67,65,103,67,116,101,84,49,53,110,88,113,78,101,85,76,67,68,88,113,116,101,99,73,78,101,81,49,53,72,88,109,100,101,82,73,78,101,90,49,54,84,88,108,83,65,103,73,67,65,103,67,106,77,103,73,67,65,103,73,65,111,50,77,67,65,103,73,67,65,103,67,106,77,115,78,84,65,119,73,79,75,67,113,105,65,103,73,67,65,103,67,106,73,53,76,122,69,120,76,122,73,119,77,84,107,61
78,88,82,109,99,88,104,109,73,67,65,103,73,67,65,75,49,53,80,88,108,100,101,103,49,53,88,88,110,78,101,86,73,78,101,85,49,54,106,88,108,100,101,107,49,53,65,103,73,67,65,103,73,65,114,88,107,57,101,90,49,54,106,88,108,67,119,103,49,54,76,88,107,105,102,88,110,116,101,90,76,67,68,88,107,116,101,82,49,54,76,88,113,105,68,88,108,78,101,105,49,53,122,88,109,100,101,85,76,67,68,88,113,116,101,99,73,78,101,81,49,53,72,88,109,100,101,82,73,78,101,90,49,54,84,88,108,83,65,103,73,67,65,103,67,106,73,103,73,67,65,103,73,65,111,48,77,67,65,103,73,67,65,103,67,106,81,115,77,68,65,119,73,79,75,67,113,105,65,103,73,67,65,103,67,106,73,53,76,122,69,120,76,122,73,119,77,84,107,61
100,122,108,118,78,110,89,121,73,67,65,103,73,67,65,75,49,53,84,88,108,57,101,86,49,54,114,88,113,78,101,90,49,53,48,103,73,67,65,103,73,65,114,88,107,57,101,90,49,54,106,88,108,67,119,103,49,53,110,88,107,121,68,88,107,78,101,99,49,53,110,88,108,78,101,86,76,67,68,88,113,116,101,99,73,78,101,81,49,53,72,88,109,100,101,82,73,78,101,90,49,54,84,88,108,83,65,103,73,67,65,103,67,106,73,103,73,67,65,103,73,65,111,48,77,67,65,103,73,67,65,103,67,106,77,115,79,68,65,119,73,79,75,67,113,105,65,103,73,67,65,103,67,106,73,53,76,122,69,120,76,122,73,119,77,84,107,61
77,72,107,49,99,106,66,110,73,67,65,103,73,67,65,75,49,53,68,88,107,57,101,90,49,54,106,88,109,100,101,100,73,68,69,103,73,67,65,103,73,65,114,88,107,57,101,90,49,54,106,88,108,67,119,103,49,54,68,88,108,100,101,85,73,78,101,112,49,54,106,88,113,105,119,103,49,54,114,88,110,67,68,88,107,78,101,82,49,53,110,88,107,83,68,88,109,100,101,107,49,53,85,103,73,67,65,103,73,65,111,122,73,67,65,103,73,67,65,75,78,122,65,103,73,67,65,103,73,65,111,48,76,68,65,119,77,67,68,105,103,113,111,103,73,67,65,103,73,65,111,121,79,83,56,120,77,83,56,121,77,68,69,53
101,109,104,112,77,72,74,49,73,67,65,103,73,67,65,75,49,53,68,88,108,121,76,88,109,83,68,88,107,57,101,110,49,54,103,103,73,67,65,103,73,65,114,88,107,57,101,90,49,54,106,88,108,67,119,103,49,54,68,88,108,100,101,85,73,78,101,112,49,54,106,88,113,105,119,103,49,54,114,88,110,67,68,88,107,78,101,82,49,53,110,88,107,83,68,88,109,100,101,107,49,53,85,103,73,67,65,103,73,65,111,121,73,67,65,103,73,67,65,75,78,84,65,103,73,67,65,103,73,65,111,122,76,68,85,119,77,67,68,105,103,113,111,103,73,67,65,103,73,65,111,121,79,83,56,120,77,83,56,121,77,68,69,53
101,106,70,121,79,71,48,49,73,67,65,103,73,67,65,75,49,53,102,88,111,78,101,86,49,53,111,103,73,67,65,103,73,65,114,88,107,57,101,90,49,54,106,88,108,67,119,103,49,53,84,88,113,116,101,110,49,53,88,88,108,67,119,103,49,53,72,88,109,100,101,113,73,78,101,90,49,54,76,88,112,57,101,82,76,67,68,88,111,78,101,86,49,53,81,103,49,54,98,88,108,67,76,88,110,67,119,103,49,54,114,88,110,67,68,88,107,78,101,82,49,53,110,88,107,83,68,88,109,100,101,107,49,53,85,103,73,67,65,103,73,65,111,121,73,67,65,103,73,67,65,75,78,68,65,103,73,67,65,103,73,65,111,122,76,68,85,119,77,67,68,105,103,113,111,103,73,67,65,103,73,65,111,121,79,83,56,120,77,83,56,121,77,68,69,53
97,87,108,105,100,122,78,114,73,67,65,103,73,67,65,75,49,53,76,88,107,57,101,90,49,54,107,103,73,67,65,103,73,65,114,88,107,57,101,90,49,54,106,88,108,67,119,103,49,54,76,88,108,116,101,111,49,53,65,115,73,78,101,85,49,53,68,88,113,78,101,83,49,53,98,88,109,100,101,100,76,67,68,88,113,116,101,99,73,78,101,81,49,53,72,88,109,100,101,82,73,78,101,90,49,54,84,88,108,83,65,103,73,67,65,103,67,106,73,103,73,67,65,103,73,65,111,48,77,67,65,103,73,67,65,103,67,106,77,115,77,68,65,119,73,79,75,67,113,105,65,103,73,67,65,103,67,106,73,53,76,122,69,120,76,122,73,119,77,84,107,61
78,84,82,113,77,84,100,110,73,67,65,103,73,67,65,75,49,53,89,110,49,53,72,88,108,100,101,89,49,53,110,88,111,78,101,104,49,54,102,88,109,83,65,120,77,122,77,103,73,67,65,103,73,65,114,88,111,100,101,81,49,53,72,88,110,78,101,89,76,67,68,88,108,78,101,109,49,54,84,88,108,100,101,102,73,78,101,85,49,53,102,88,107,57,101,112,73,67,48,103,49,53,118,88,109,100,101,98,49,54,103,103,49,53,84,88,110,116,101,84,49,53,110,88,111,78,101,85,76,67,68,88,113,116,101,99,73,78,101,81,49,53,72,88,109,100,101,82,73,78,101,90,49,54,84,88,108,83,65,103,73,67,65,103,67,106,81,103,73,67,65,103,73,65,111,53,77,67,65,103,73,67,65,103,67,106,81,115,77,68,65,119,73,79,75,67,113,105,65,103,73,67,65,103,67,106,73,52,76,122,69,120,76,122,73,119,77,84,107,61
97,109,53,109,97,84,108,111,73,67,65,103,73,67,65,75,49,54,72,88,108,100,101,101,49,54,102,88,110,121,65,120,78,105,65,103,73,67,65,103,67,116,101,84,49,53,110,88,113,78,101,85,76,67,68,88,109,100,101,107,49,53,85,103,49,53,77,110,76,67,68,88,107,116,101,82,49,54,76,88,113,105,68,88,108,78,101,113,49,53,55,88,113,78,101,90,49,53,48,115,73,78,101,113,49,53,119,103,49,53,68,88,107,100,101,90,49,53,69,103,49,53,110,88,112,78,101,86,73,67,65,103,73,67,65,75,77,121,65,103,73,67,65,103,67,106,99,49,73,67,65,103,73,67,65,75,77,121,119,50,77,68,65,103,52,111,75,113,73,67,65,103,73,67,65,75,77,106,103,118,77,84,69,118,77,106,65,120,79,81,61,61
97,122,104,111,77,50,104,115,73,67,65,103,73,67,65,75,49,54,72,88,108,100,101,101,49,54,102,88,110,121,65,120,77,67,65,103,73,67,65,103,67,116,101,84,49,53,110,88,113,78,101,85,76,67,68,88,109,100,101,107,49,53,85,103,49,53,77,110,76,67,68,88,107,116,101,82,49,54,76,88,113,105,68,88,108,78,101,113,49,53,55,88,113,78,101,90,49,53,48,115,73,78,101,113,49,53,119,103,49,53,68,88,107,100,101,90,49,53,69,103,49,53,110,88,112,78,101,86,73,67,65,103,73,67,65,75,77,121,65,103,73,67,65,103,67,106,85,49,73,67,65,103,73,67,65,75,78,67,119,119,77,68,65,103,52,111,75,113,73,67,65,103,73,67,65,75,77,106,103,118,77,84,69,118,77,106,65,120,79,81,61,61
79,71,108,53,101,71,107,122,73,67,65,103,73,67,65,75,49,53,107,117,49,53,119,117,73,78,101,107,49,54,106,88,112,83,65,122,78,121,65,103,73,67,65,103,67,116,101,101,49,54,106,88,113,116,101,106,76,57,101,107,49,54,106,88,109,78,101,111,76,67,68,88,111,78,101,86,49,53,81,103,49,54,110,88,107,78,101,103,49,53,56,115,73,78,101,113,49,53,119,103,49,53,68,88,107,100,101,90,49,53,69,103,49,53,110,88,112,78,101,86,73,67,65,103,73,67,65,75,77,105,65,103,73,67,65,103,67,106,77,119,73,67,65,103,73,67,65,75,77,121,119,49,77,68,65,103,52,111,75,113,73,67,65,103,73,67,65,75,77,106,103,118,77,84,69,118,77,106,65,120,79,81,61,61
79,87,90,106,77,88,70,116,73,67,65,103,73,67,65,75,49,54,110,88,107,100,101,113,49,53,68,88,109,83,65,49,77,67,65,103,73,67,65,103,67,116,101,83,49,53,73,118,49,54,84,88,111,78,101,89,49,53,84,88,107,78,101,86,49,53,89,115,73,78,101,85,49,54,114,88,112,57,101,86,49,53,81,115,73,78,101,82,49,53,110,88,113,105,68,88,109,100,101,105,49,54,102,88,107,83,119,103,49,54,68,88,108,100,101,85,73,78,101,109,49,53,81,105,49,53,119,115,73,78,101,113,49,53,119,103,49,53,68,88,107,100,101,90,49,53,69,103,49,53,110,88,112,78,101,86,73,67,65,103,73,67,65,75,77,105,65,103,73,67,65,103,67,106,77,49,73,67,65,103,73,67,65,75,77,121,119,121,77,68,65,103,52,111,75,113,73,67,65,103,73,67,65,75,77,106,103,118,77,84,69,118,77,106,65,120,79,81,61,61
77,110,73,48,100,50,53,52,73,67,65,103,73,67,65,75,49,53,84,88,107,116,101,90,49,53,72,88,108,100,101,111,73,78,101,85,49,53,68,88,110,78,101,101,49,53,88,88,111,78,101,90,73,68,77,53,73,67,65,103,73,67,65,75,49,53,80,88,109,100,101,111,49,53,81,115,73,78,101,90,49,53,77,103,49,53,68,88,110,78,101,90,49,53,84,88,108,83,119,103,49,54,114,88,110,67,68,88,107,78,101,82,49,53,110,88,107,83,68,88,109,100,101,107,49,53,85,103,73,67,65,103,73,65,111,121,73,67,65,103,73,67,65,75,77,122,103,103,73,67,65,103,73,65,111,122,76,68,85,119,77,67,68,105,103,113,111,103,73,67,65,103,73,65,111,121,79,67,56,120,77,83,56,121,77,68,69,53
99,106,108,115,78,72,90,106,73,67,65,103,73,67,65,75,49,53,84,88,113,78,101,109,49,54,84,88,110,78,101,84,73,68,89,103,73,67,65,103,73,65,114,88,107,57,101,90,49,54,106,88,108,67,119,103,49,54,68,88,109,100,101,111,73,78,101,81,49,53,72,88,109,100,101,82,76,67,68,88,113,116,101,99,73,78,101,81,49,53,72,88,109,100,101,82,73,78,101,90,49,54,84,88,108,83,65,103,73,67,65,103,67,106,77,103,73,67,65,103,73,65,111,49,77,67,65,103,73,67,65,103,67,106,77,115,78,106,65,119,73,79,75,67,113,105,65,103,73,67,65,103,67,106,73,52,76,122,69,120,76,122,73,119,77,84,107,61
99,71,52,120,90,87,53,54,73,67,65,103,73,67,65,75,49,53,110,88,111,116,101,110,49,53,69,103,49,53,55,88,113,78,101,90,49,53,80,88,108,100,101,111,73,68,81,119,73,67,65,103,73,67,65,75,49,53,110,88,108,57,101,90,49,53,80,88,113,105,68,88,107,57,101,90,49,53,88,88,113,67,119,103,49,54,114,88,110,67,68,88,107,100,101,111,49,53,88,88,109,105,68,88,112,116,101,107,49,53,88,88,110,121,119,103,49,54,114,88,110,67,68,88,107,78,101,82,49,53,110,88,107,83,68,88,109,100,101,107,49,53,85,103,73,67,65,103,73,65,111,121,73,67,65,103,73,67,65,75,77,122,85,103,73,67,65,103,73,65,111,122,76,68,103,119,77,67,68,105,103,113,111,103,73,67,65,103,73,65,111,121,79,67,56,120,77,83,56,121,77,68,69,53
100,51,85,51,97,84,66,104,73,67,65,103,73,67,65,75,49,53,68,88,107,100,101,111,49,53,72,88,111,78,101,81,49,53,119,103,78,68,107,103,73,67,65,103,73,65,114,88,111,100,101,81,49,53,72,88,110,78,101,89,76,67,68,88,112,78,101,99,49,53,88,88,113,78,101,103,49,53,106,88,109,100,101,102,76,67,68,88,113,116,101,99,73,78,101,81,49,53,72,88,109,100,101,82,73,78,101,90,49,54,84,88,108,83,65,103,73,67,65,103,67,106,73,103,73,67,65,103,73,65,111,48,78,83,65,103,73,67,65,103,67,106,69,115,79,68,65,119,73,79,75,67,113,105,65,103,73,67,65,103,67,106,73,52,76,122,69,120,76,122,73,119,77,84,107,61
90,110,103,119,99,71,74,114,73,67,65,103,73,67,65,75,49,53,84,88,113,78,101,109,49,53,119,103,77,84,81,50,73,67,65,103,73,67,65,75,49,53,110,88,108,57,101,90,49,53,80,88,113,105,68,88,107,57,101,90,49,53,88,88,113,67,119,103,49,53,76,88,107,100,101,105,49,54,111,103,49,53,84,88,113,78,101,109,49,53,119,115,73,78,101,82,49,53,122,88,108,100,101,101,49,54,84,88,109,100,101,99,49,53,77,115,73,78,101,113,49,53,119,103,49,53,68,88,107,100,101,90,49,53,69,103,49,53,110,88,112,78,101,86,73,67,65,103,73,67,65,75,77,105,65,103,73,67,65,103,67,106,77,49,73,67,65,103,73,67,65,75,77,121,119,119,77,68,65,103,52,111,75,113,73,67,65,103,73,67,65,75,77,106,103,118,77,84,69,118,77,106,65,120,79,81,61,61
90,88,104,110,90,109,74,113,73,67,65,103,67,116,101,112,49,54,110,88,108,100,101,102,73,67,65,103,67,116,101,84,49,53,110,88,113,78,101,113,73,78,101,83,49,53,56,115,73,78,101,85,49,54,114,88,112,57,101,86,49,53,81,115,73,78,101,82,49,53,110,88,113,105,68,88,109,100,101,105,49,54,102,88,107,83,119,103,49,54,68,88,108,100,101,85,73,78,101,109,49,53,81,105,49,53,119,115,73,78,101,113,49,53,119,103,49,53,68,88,107,100,101,90,49,53,69,103,49,53,110,88,112,78,101,86,73,67,65,103,67,106,73,103,73,67,65,75,78,68,65,103,73,67,65,75,77,121,119,51,77,68,65,103,52,111,75,113,73,67,65,103,67,106,73,53,76,122,69,120,76,122,73,119,77,84,107,61
100,87,70,120,89,51,108,117,73,65,114,88,111,78,101,88,49,53,119,103,49,54,76,88,108,100,101,87,73,68,85,103,67,116,101,84,49,53,110,88,113,78,101,85,76,67,68,88,110,116,101,98,49,53,122,88,110,78,101,113,73,78,101,113,49,53,119,103,49,53,68,88,107,100,101,90,49,53,69,103,49,53,110,88,112,78,101,86,76,67,68,88,107,57,101,110,49,54,103,115,73,78,101,113,49,53,119,103,49,53,68,88,107,100,101,90,49,53,69,103,49,53,110,88,112,78,101,86,73,65,111,122,73,65,111,51,78,83,65,75,77,121,119,51,77,68,65,103,52,111,75,113,73,65,111,121,79,83,56,120,77,83,56,121,77,68,69,53
101,87,116,113,100,110,70,109,73,65,114,88,109,100,101,105,49,53,72,88,112,83,65,75,49,53,55,88,113,78,101,113,49,54,77,118,49,54,84,88,113,78,101,89,49,54,103,115,73,78,101,99,49,53,69,103,49,54,114,88,110,67,68,88,107,78,101,82,49,53,110,88,107,83,119,103,49,53,122,88,107,83,68,88,108,78,101,105,49,53,110,88,113,67,68,88,112,116,101,107,49,53,88,88,110,121,119,103,49,54,114,88,110,67,68,88,107,78,101,82,49,53,110,88,107,83,68,88,109,100,101,107,49,53,85,103,67,106,73,103,67,106,81,121,73,65,111,122,76,68,69,119,77,67,68,105,103,113,111,103,67,106,73,53,76,122,69,120,76,122,73,119,77,84,107,61
